Submethod,PSNR,SSIM,LPIPS,Size [Bytes],#Gaussians
Baseline,29.2120724,0.9172814,0.1929932087659835,17619220,391696
