Submethod,PSNR,SSIM,LPIPS,Size [Bytes],#Gaussians
Baseline,27.4263744,0.8074848499298095,0.2174319,171002491,689520
