Submethod,PSNR,SSIM,LPIPS,Size [Bytes],#Gaussians
Baseline,25.7235260,0.8775752782821655,0.1348798,785801595,345968
