Submethod,PSNR,SSIM,LPIPS,Size [Bytes],#Gaussians
Baseline,28.80058479309082,0.7687578,0.2753235101699829,18640330,919681
